posting_id,status,headhunting_company,url,title,company_desc,main_duties,requirements,preferred,career,location,salary,deadline,first_seen_at,last_seen_at,last_fetched_at,score
326885,active,헤딩써치,https://career.rememberapp.co.kr/job/posting/326885,(주)헤딩써치 채용 | Senior Regional Manager 경력직 공고 - 리멤버,(주)헤딩써치에서 Senior Regional Manager를 찾습니다. 당신의 커리어를 한 단계 높여줄 이직 기회를 리멤버에서 만나보세요.,,,,,,,,2026-09-16T21:10:50+0900,2026-09-16T21:10:50+0900,2026-09-16T21:10:50+0900,30
327227,active,헤딩써치,https://career.rememberapp.co.kr/job/posting/327227,(주)헤딩써치 채용 | [국내 대표 태양광·재생에너지 전문기업] PM 리더 경력직 공고 - 리멤버,(주)헤딩써치에서 [국내 대표 태양광·재생에너지 전문기업] PM 리더를 찾습니다. 당신의 커리어를 한 단계 높여줄 이직 기회를 리멤버에서 만나보세요.,,,,,,,,2026-09-16T21:10:50+0900,2026-09-16T21:10:50+0900,2026-09-16T21:10:50+0900,55
327237,active,헤딩써치,https://career.rememberapp.co.kr/job/posting/327237,(주)헤딩써치 채용 | [에듀테크 플랫폼 기업] 사업기획 매니저(파트장) 경력직 공고 - 리멤버,(주)헤딩써치에서 [에듀테크 플랫폼 기업] 사업기획 매니저(파트장)를 찾습니다. 당신의 커리어를 한 단계 높여줄 이직 기회를 리멤버에서 만나보세요.,,,,,,,,2026-09-16T21:10:50+0900,2026-09-16T21:10:50+0900,2026-09-16T21:10:50+0900,30
327238,active,헤딩써치,https://career.rememberapp.co.kr/job/posting/327238,(주)헤딩써치 채용 | Senior Product Manager 경력직 공고 - 리멤버,(주)헤딩써치에서 Senior Product Manager를 찾습니다. 당신의 커리어를 한 단계 높여줄 이직 기회를 리멤버에서 만나보세요.,,,,,,,,2026-09-16T21:10:50+0900,2026-09-16T21:10:50+0900,2026-09-16T21:10:50+0900,30
327425,active,헤딩써치,https://career.rememberapp.co.kr/job/posting/327425,(주)헤딩써치 채용 | [SNT다이내믹스] 전기차구동용 SW/HW/모터개발 경력직 공고 - 리멤버,(주)헤딩써치에서 [SNT다이내믹스] 전기차구동용 SW/HW/모터개발를 찾습니다. 당신의 커리어를 한 단계 높여줄 이직 기회를 리멤버에서 만나보세요.,,,,,,,,2026-09-16T21:10:50+0900,2026-09-16T21:10:50+0900,2026-09-16T21:10:50+0900,30
327631,active,헤딩써치,https://career.rememberapp.co.kr/job/posting/327631,(주)헤딩써치 채용 | [인쇄기 제조업체] 해외영업 담당 경력직 공고 - 리멤버,(주)헤딩써치에서 [인쇄기 제조업체] 해외영업 담당를 찾습니다. 당신의 커리어를 한 단계 높여줄 이직 기회를 리멤버에서 만나보세요.,,,,,,,,2026-09-16T21:10:50+0900,2026-09-16T21:10:50+0900,2026-09-16T21:10:50+0900,30
327634,active,헤딩써치,https://career.rememberapp.co.kr/job/posting/327634,(주)헤딩써치 채용 | [회계·컨설팅 법인] VCS 팀 경력직 공고 - 리멤버,(주)헤딩써치에서 [회계·컨설팅 법인] VCS 팀를 찾습니다. 당신의 커리어를 한 단계 높여줄 이직 기회를 리멤버에서 만나보세요.,,,,,,,,2026-09-16T21:10:50+0900,2026-09-16T21:10:50+0900,2026-09-16T21:10:50+0900,30
327656,active,헤딩써치,https://career.rememberapp.co.kr/job/posting/327656,(주)헤딩써치 채용 | [유명 아티스트 보유 연예기획사] 공연 기획 경력직 공고 - 리멤버,(주)헤딩써치에서 [유명 아티스트 보유 연예기획사] 공연 기획를 찾습니다. 당신의 커리어를 한 단계 높여줄 이직 기회를 리멤버에서 만나보세요.,,,,,,,,2026-09-16T21:10:50+0900,2026-09-16T21:10:50+0900,2026-09-16T21:10:50+0900,30
327902,active,헤딩써치,https://career.rememberapp.co.kr/job/posting/327902,(주)헤딩써치 채용 | 언론홍보 담당(대리급) 경력직 공고 - 리멤버,(주)헤딩써치에서 언론홍보 담당(대리급)를 찾습니다. 당신의 커리어를 한 단계 높여줄 이직 기회를 리멤버에서 만나보세요.,,,,,,,,2026-09-16T21:10:50+0900,2026-09-16T21:10:50+0900,2026-09-16T21:10:50+0900,30
327995,active,헤딩써치,https://career.rememberapp.co.kr/job/posting/327995,(주)헤딩써치 채용 | Publishing A&R 경력직 공고 - 리멤버,(주)헤딩써치에서 Publishing A&R를 찾습니다. 당신의 커리어를 한 단계 높여줄 이직 기회를 리멤버에서 만나보세요.,,,,,,,,2026-09-16T21:10:50+0900,2026-09-16T21:10:50+0900,2026-09-16T21:10:50+0900,30
328525,active,헤딩써치,https://career.rememberapp.co.kr/job/posting/328525,(주)헤딩써치 채용 | 팬마케팅 담당 경력직 공고 - 리멤버,(주)헤딩써치에서 팬마케팅 담당를 찾습니다. 당신의 커리어를 한 단계 높여줄 이직 기회를 리멤버에서 만나보세요.,,,,,,,,2026-09-16T21:10:50+0900,2026-09-16T21:10:50+0900,2026-09-16T21:10:50+0900,30
329131,active,헤딩써치,https://career.rememberapp.co.kr/job/posting/329131,(주)헤딩써치 채용 | 패션 브랜드 클래식 담당 디자이너 경력직 공고 - 리멤버,(주)헤딩써치에서 패션 브랜드 클래식 담당 디자이너를 찾습니다. 당신의 커리어를 한 단계 높여줄 이직 기회를 리멤버에서 만나보세요.,,,,,,,,2026-09-16T21:10:50+0900,2026-09-16T21:10:50+0900,2026-09-16T21:10:50+0900,30
329152,active,헤딩써치,https://career.rememberapp.co.kr/job/posting/329152,(주)헤딩써치 채용 | 콘텐츠팀 영상 PD 경력직 공고 - 리멤버,(주)헤딩써치에서 콘텐츠팀 영상 PD를 찾습니다. 당신의 커리어를 한 단계 높여줄 이직 기회를 리멤버에서 만나보세요.,,,,,,,,2026-09-16T21:10:50+0900,2026-09-16T21:10:50+0900,2026-09-16T21:10:50+0900,30
329159,active,헤딩써치,https://career.rememberapp.co.kr/job/posting/329159,(주)헤딩써치 채용 | D2C기반 고성장 기업 재무 담당 경력직 공고 - 리멤버,(주)헤딩써치에서 D2C기반 고성장 기업 재무 담당를 찾습니다. 당신의 커리어를 한 단계 높여줄 이직 기회를 리멤버에서 만나보세요.,,,,,,,,2026-09-16T21:10:50+0900,2026-09-16T21:10:50+0900,2026-09-16T21:10:50+0900,30
329163,active,헤딩써치,https://career.rememberapp.co.kr/job/posting/329163,(주)헤딩써치 채용 | 항공프라이싱 경력직 공고 - 리멤버,(주)헤딩써치에서 항공프라이싱를 찾습니다. 당신의 커리어를 한 단계 높여줄 이직 기회를 리멤버에서 만나보세요.,,,,,,,,2026-09-16T21:10:50+0900,2026-09-16T21:10:50+0900,2026-09-16T21:10:50+0900,30
329170,active,헤딩써치,https://career.rememberapp.co.kr/job/posting/329170,(주)헤딩써치 채용 | 물류사업개발 담당자 경력직 공고 - 리멤버,(주)헤딩써치에서 물류사업개발 담당자를 찾습니다. 당신의 커리어를 한 단계 높여줄 이직 기회를 리멤버에서 만나보세요.,,,,,,,,2026-09-16T21:10:50+0900,2026-09-16T21:10:50+0900,2026-09-16T21:10:50+0900,30
329233,active,헤딩써치,https://career.rememberapp.co.kr/job/posting/329233,(주)헤딩써치 채용 | 기술연구소 Solderpaste 기술개발담당 경력직 공고 - 리멤버,(주)헤딩써치에서 기술연구소 Solderpaste 기술개발담당를 찾습니다. 당신의 커리어를 한 단계 높여줄 이직 기회를 리멤버에서 만나보세요.,,,,,,,,2026-09-16T21:10:50+0900,2026-09-16T21:10:50+0900,2026-09-16T21:10:50+0900,30
329589,active,헤딩써치,https://career.rememberapp.co.kr/job/posting/329589,(주)헤딩써치 채용 | 사내 변호사 경력직 공고 - 리멤버,(주)헤딩써치에서 사내 변호사를 찾습니다. 당신의 커리어를 한 단계 높여줄 이직 기회를 리멤버에서 만나보세요.,,,,,,,,2026-09-16T21:10:50+0900,2026-09-16T21:10:50+0900,2026-09-16T21:10:50+0900,30
329787,active,헤딩써치,https://career.rememberapp.co.kr/job/posting/329787,(주)헤딩써치 채용 | 2금융 생명보험 기간계 PL 경력직 공고 - 리멤버,(주)헤딩써치에서 2금융 생명보험 기간계 PL를 찾습니다. 당신의 커리어를 한 단계 높여줄 이직 기회를 리멤버에서 만나보세요.,,,,,,,,2026-09-16T21:10:50+0900,2026-09-16T21:10:50+0900,2026-09-16T21:10:50+0900,30
329799,active,헤딩써치,https://career.rememberapp.co.kr/job/posting/329799,(주)헤딩써치 채용 | 암페놀 커넥터 FAE (Field Application Engineer) - 수원 경력직 공고 - 리멤버,(주)헤딩써치에서 암페놀 커넥터 FAE (Field Application Engineer) - 수원를 찾습니다. 당신의 커리어를 한 단계 높여줄 이직 기회를 리멤버에서 만나보세요.,,,,,,,,2026-09-16T21:10:50+0900,2026-09-16T21:10:50+0900,2026-09-16T21:10:50+0900,55
329909,active,헤딩써치,https://career.rememberapp.co.kr/job/posting/329909,(주)헤딩써치 채용 | 일본 이커머스 담당자 경력직 공고 - 리멤버,(주)헤딩써치에서 일본 이커머스 담당자를 찾습니다. 당신의 커리어를 한 단계 높여줄 이직 기회를 리멤버에서 만나보세요.,,,,,,,,2026-09-16T21:10:50+0900,2026-09-16T21:10:50+0900,2026-09-16T21:10:50+0900,45
330372,active,헤딩써치,https://career.rememberapp.co.kr/job/posting/330372,(주)헤딩써치 채용 | 이차전지 자동화 장비 제조기업 원가회계 담당 경력직 공고 - 리멤버,(주)헤딩써치에서 이차전지 자동화 장비 제조기업 원가회계 담당를 찾습니다. 당신의 커리어를 한 단계 높여줄 이직 기회를 리멤버에서 만나보세요.,,,,,,,,2026-09-16T21:10:50+0900,2026-09-16T21:10:50+0900,2026-09-16T21:10:50+0900,30
330526,active,헤딩써치,https://career.rememberapp.co.kr/job/posting/330526,(주)헤딩써치 채용 | A&R 실장급 경력직 공고 - 리멤버,(주)헤딩써치에서 A&R 실장급를 찾습니다. 당신의 커리어를 한 단계 높여줄 이직 기회를 리멤버에서 만나보세요.,,,,,,,,2026-09-16T21:10:50+0900,2026-09-16T21:10:50+0900,2026-09-16T21:10:50+0900,30
330527,active,헤딩써치,https://career.rememberapp.co.kr/job/posting/330527,(주)헤딩써치 채용 | [글로벌 퍼블리싱 기업] 대표이사 경력직 공고 - 리멤버,(주)헤딩써치에서 [글로벌 퍼블리싱 기업] 대표이사를 찾습니다. 당신의 커리어를 한 단계 높여줄 이직 기회를 리멤버에서 만나보세요.,,,,,,,,2026-09-16T21:10:50+0900,2026-09-16T21:10:50+0900,2026-09-16T21:10:50+0900,30
330563,active,헤딩써치,https://career.rememberapp.co.kr/job/posting/330563,(주)헤딩써치 채용 | D2C기반 고성장 기업 인플루언서 마케터 경력직 공고 - 리멤버,(주)헤딩써치에서 D2C기반 고성장 기업 인플루언서 마케터를 찾습니다. 당신의 커리어를 한 단계 높여줄 이직 기회를 리멤버에서 만나보세요.,,,,,,,,2026-09-16T21:10:50+0900,2026-09-16T21:10:50+0900,2026-09-16T21:10:50+0900,30
330565,active,헤딩써치,https://career.rememberapp.co.kr/job/posting/330565,(주)헤딩써치 채용 | D2C 뷰티·건기식 고성장기업 오프라인MD 경력직 공고 - 리멤버,(주)헤딩써치에서 D2C 뷰티·건기식 고성장기업 오프라인MD를 찾습니다. 당신의 커리어를 한 단계 높여줄 이직 기회를 리멤버에서 만나보세요.,,,,,,,,2026-09-16T21:10:50+0900,2026-09-16T21:10:50+0900,2026-09-16T21:10:50+0900,45
330567,active,헤딩써치,https://career.rememberapp.co.kr/job/posting/330567,(주)헤딩써치 채용 | D2C기반 뷰티 고성장 기업 상품기획 팀장 경력직 공고 - 리멤버,(주)헤딩써치에서 D2C기반 뷰티 고성장 기업 상품기획 팀장를 찾습니다. 당신의 커리어를 한 단계 높여줄 이직 기회를 리멤버에서 만나보세요.,,,,,,,,2026-09-16T21:10:50+0900,2026-09-16T21:10:50+0900,2026-09-16T21:10:50+0900,70
331004,active,헤딩써치,https://career.rememberapp.co.kr/job/posting/331004,(주)헤딩써치 채용 | 뷰티 글로벌 MD(아마존) - 팀장급 경력직 공고 - 리멤버,(주)헤딩써치에서 뷰티 글로벌 MD(아마존) - 팀장급를 찾습니다. 당신의 커리어를 한 단계 높여줄 이직 기회를 리멤버에서 만나보세요.,,,,,,,,2026-09-16T21:10:50+0900,2026-09-16T21:10:50+0900,2026-09-16T21:10:50+0900,70
331153,active,헤딩써치,https://career.rememberapp.co.kr/job/posting/331153,(주)헤딩써치 채용 | 미국향 브랜드 마케터(뷰티) 경력직 공고 - 리멤버,(주)헤딩써치에서 미국향 브랜드 마케터(뷰티)를 찾습니다. 당신의 커리어를 한 단계 높여줄 이직 기회를 리멤버에서 만나보세요.,,,,,,,,2026-09-16T21:10:50+0900,2026-09-16T21:10:50+0900,2026-09-16T21:10:50+0900,45
331536,active,헤딩써치,https://career.rememberapp.co.kr/job/posting/331536,(주)헤딩써치 채용 | 개인정보보호 담당자 경력직 공고 - 리멤버,(주)헤딩써치에서 개인정보보호 담당자를 찾습니다. 당신의 커리어를 한 단계 높여줄 이직 기회를 리멤버에서 만나보세요.,,,,,,,,2026-09-16T21:10:50+0900,2026-09-16T21:10:50+0900,2026-09-16T21:10:50+0900,30
331543,active,헤딩써치,https://career.rememberapp.co.kr/job/posting/331543,(주)헤딩써치 채용 | 시스템 운영 담당자 경력직 공고 - 리멤버,(주)헤딩써치에서 시스템 운영 담당자를 찾습니다. 당신의 커리어를 한 단계 높여줄 이직 기회를 리멤버에서 만나보세요.,,,,,,,,2026-09-16T21:10:50+0900,2026-09-16T21:10:50+0900,2026-09-16T21:10:50+0900,30
331547,active,헤딩써치,https://career.rememberapp.co.kr/job/posting/331547,(주)헤딩써치 채용 | 웹/앱 어플리케이션 개발자 경력직 공고 - 리멤버,(주)헤딩써치에서 웹/앱 어플리케이션 개발자를 찾습니다. 당신의 커리어를 한 단계 높여줄 이직 기회를 리멤버에서 만나보세요.,,,,,,,,2026-09-16T21:10:50+0900,2026-09-16T21:10:50+0900,2026-09-16T21:10:50+0900,30
331552,active,헤딩써치,https://career.rememberapp.co.kr/job/posting/331552,(주)헤딩써치 채용 | 백오피스 운영 담당자 경력직 공고 - 리멤버,(주)헤딩써치에서 백오피스 운영 담당자를 찾습니다. 당신의 커리어를 한 단계 높여줄 이직 기회를 리멤버에서 만나보세요.,,,,,,,,2026-09-16T21:10:50+0900,2026-09-16T21:10:50+0900,2026-09-16T21:10:50+0900,30
331792,active,헤딩써치,https://career.rememberapp.co.kr/job/posting/331792,(주)헤딩써치 채용 | FDE 아키텍트 경력직 공고 - 리멤버,(주)헤딩써치에서 FDE 아키텍트를 찾습니다. 당신의 커리어를 한 단계 높여줄 이직 기회를 리멤버에서 만나보세요.,,,,,,,,2026-09-16T21:10:50+0900,2026-09-16T21:10:50+0900,2026-09-16T21:10:50+0900,30
331796,active,헤딩써치,https://career.rememberapp.co.kr/job/posting/331796,(주)헤딩써치 채용 | FDE AI전문가 경력직 공고 - 리멤버,(주)헤딩써치에서 FDE AI전문가를 찾습니다. 당신의 커리어를 한 단계 높여줄 이직 기회를 리멤버에서 만나보세요.,,,,,,,,2026-09-16T21:10:50+0900,2026-09-16T21:10:50+0900,2026-09-16T21:10:50+0900,45
331813,active,헤딩써치,https://career.rememberapp.co.kr/job/posting/331813,(주)헤딩써치 채용 | FDE 데이터 전문가 경력직 공고 - 리멤버,(주)헤딩써치에서 FDE 데이터 전문가를 찾습니다. 당신의 커리어를 한 단계 높여줄 이직 기회를 리멤버에서 만나보세요.,,,,,,,,2026-09-16T21:10:50+0900,2026-09-16T21:10:50+0900,2026-09-16T21:10:50+0900,30
331833,active,헤딩써치,https://career.rememberapp.co.kr/job/posting/331833,(주)헤딩써치 채용 | FDE 컨설턴트 경력직 공고 - 리멤버,(주)헤딩써치에서 FDE 컨설턴트를 찾습니다. 당신의 커리어를 한 단계 높여줄 이직 기회를 리멤버에서 만나보세요.,,,,,,,,2026-09-16T21:10:50+0900,2026-09-16T21:10:50+0900,2026-09-16T21:10:50+0900,30
332621,active,헤딩써치,https://career.rememberapp.co.kr/job/posting/332621,(주)헤딩써치 채용 | BPO영업본부 팀장 경력직 공고 - 리멤버,(주)헤딩써치에서 BPO영업본부 팀장를 찾습니다. 당신의 커리어를 한 단계 높여줄 이직 기회를 리멤버에서 만나보세요.,,,,,,,,2026-09-16T21:10:50+0900,2026-09-16T21:10:50+0900,2026-09-16T21:10:50+0900,55
332686,active,헤딩써치,https://career.rememberapp.co.kr/job/posting/332686,(주)헤딩써치 채용 | [중견 건설 그룹 계열사 ]세무/회계 담당자 경력직 공고 - 리멤버,(주)헤딩써치에서 [중견 건설 그룹 계열사 ]세무/회계 담당자를 찾습니다. 당신의 커리어를 한 단계 높여줄 이직 기회를 리멤버에서 만나보세요.,,,,,,,,2026-09-16T21:10:50+0900,2026-09-16T21:10:50+0900,2026-09-16T21:10:50+0900,30
332910,active,헤딩써치,https://career.rememberapp.co.kr/job/posting/332910,(주)헤딩써치 채용 | [치과 마케팅 회사]퍼포먼스 마케팅 팀원/팀장 경력직 공고 - 리멤버,(주)헤딩써치에서 [치과 마케팅 회사]퍼포먼스 마케팅 팀원/팀장를 찾습니다. 당신의 커리어를 한 단계 높여줄 이직 기회를 리멤버에서 만나보세요.,,,,,,,,2026-09-16T21:10:50+0900,2026-09-16T21:10:50+0900,2026-09-16T21:10:50+0900,55
332946,active,헤딩써치,https://career.rememberapp.co.kr/job/posting/332946,(주)헤딩써치 채용 | 중소형 태양광 사업개발 PM 경력직 공고 - 리멤버,(주)헤딩써치에서 중소형 태양광 사업개발 PM를 찾습니다. 당신의 커리어를 한 단계 높여줄 이직 기회를 리멤버에서 만나보세요.,,,,,,,,2026-09-16T21:10:50+0900,2026-09-16T21:10:50+0900,2026-09-16T21:10:50+0900,30
332974,active,헤딩써치,https://career.rememberapp.co.kr/job/posting/332974,(주)헤딩써치 채용 | [두산그룹] 중화권 C/S - 엔비디아 협력사 경력직 공고 - 리멤버,(주)헤딩써치에서 [두산그룹] 중화권 C/S - 엔비디아 협력사를 찾습니다. 당신의 커리어를 한 단계 높여줄 이직 기회를 리멤버에서 만나보세요.,,,,,,,,2026-09-16T21:10:50+0900,2026-09-16T21:10:50+0900,2026-09-16T21:10:50+0900,30
332997,active,헤딩써치,https://career.rememberapp.co.kr/job/posting/332997,(주)헤딩써치 채용 | 기술영업 경력직 공고 - 리멤버,(주)헤딩써치에서 기술영업를 찾습니다. 당신의 커리어를 한 단계 높여줄 이직 기회를 리멤버에서 만나보세요.,,,,,,,,2026-09-16T21:10:50+0900,2026-09-16T21:10:50+0900,2026-09-16T21:10:50+0900,30
333636,active,헤딩써치,https://career.rememberapp.co.kr/job/posting/333636,(주)헤딩써치 채용 | [반도체 장비기업] 자동화설계 엔지니어 경력직 공고 - 리멤버,(주)헤딩써치에서 [반도체 장비기업] 자동화설계 엔지니어를 찾습니다. 당신의 커리어를 한 단계 높여줄 이직 기회를 리멤버에서 만나보세요.,,,,,,,,2026-09-16T21:10:50+0900,2026-09-16T21:10:50+0900,2026-09-16T21:10:50+0900,45
333638,active,헤딩써치,https://career.rememberapp.co.kr/job/posting/333638,(주)헤딩써치 채용 | [반도체 장비기업] 건조기 설계 엔지니어 경력직 공고 - 리멤버,(주)헤딩써치에서 [반도체 장비기업] 건조기 설계 엔지니어를 찾습니다. 당신의 커리어를 한 단계 높여줄 이직 기회를 리멤버에서 만나보세요.,,,,,,,,2026-09-16T21:10:50+0900,2026-09-16T21:10:50+0900,2026-09-16T21:10:50+0900,45
333700,active,헤딩써치,https://career.rememberapp.co.kr/job/posting/333700,(주)헤딩써치 채용 | [헤딩써치] 헤드헌터 (Junior/Senior Consultant) 경력직 공고 - 리멤버,(주)헤딩써치에서 [헤딩써치] 헤드헌터 (Junior/Senior Consultant)를 찾습니다. 당신의 커리어를 한 단계 높여줄 이직 기회를 리멤버에서 만나보세요.,,,,,,,,2026-09-16T21:10:50+0900,2026-09-16T21:10:50+0900,2026-09-16T21:10:50+0900,30
333752,active,헤딩써치,https://career.rememberapp.co.kr/job/posting/333752,(주)헤딩써치 채용 | 구매 파트 리더 경력직 공고 - 리멤버,(주)헤딩써치에서 구매 파트 리더를 찾습니다. 당신의 커리어를 한 단계 높여줄 이직 기회를 리멤버에서 만나보세요.,,,,,,,,2026-09-16T21:10:50+0900,2026-09-16T21:10:50+0900,2026-09-16T21:10:50+0900,30
333821,active,헤딩써치,https://career.rememberapp.co.kr/job/posting/333821,(주)헤딩써치 채용 | [자동화 선두기업] 기구설계 경력직 경력직 공고 - 리멤버,(주)헤딩써치에서 [자동화 선두기업] 기구설계 경력직를 찾습니다. 당신의 커리어를 한 단계 높여줄 이직 기회를 리멤버에서 만나보세요.,,,,,,,,2026-09-16T21:10:50+0900,2026-09-16T21:10:50+0900,2026-09-16T21:10:50+0900,30
333841,active,헤딩써치,https://career.rememberapp.co.kr/job/posting/333841,(주)헤딩써치 채용 | [잇츠한불] 퍼포먼스마케팅&이커머스(파트장) 경력직 공고 - 리멤버,(주)헤딩써치에서 [잇츠한불] 퍼포먼스마케팅&이커머스(파트장)를 찾습니다. 당신의 커리어를 한 단계 높여줄 이직 기회를 리멤버에서 만나보세요.,,,,,,,,2026-09-16T21:10:50+0900,2026-09-16T21:10:50+0900,2026-09-16T21:10:50+0900,45
334046,active,헤딩써치,https://career.rememberapp.co.kr/job/posting/334046,(주)헤딩써치 채용 | [제주 5성급 호텔]총지배인(GM) 경력직 공고 - 리멤버,(주)헤딩써치에서 [제주 5성급 호텔]총지배인(GM)를 찾습니다. 당신의 커리어를 한 단계 높여줄 이직 기회를 리멤버에서 만나보세요.,,,,,,,,2026-09-16T21:10:50+0900,2026-09-16T21:10:50+0900,2026-09-16T21:10:50+0900,30
334061,active,헤딩써치,https://career.rememberapp.co.kr/job/posting/334061,(주)헤딩써치 채용 | 아티스트 IP 사업기획/운영 경력직 공고 - 리멤버,(주)헤딩써치에서 아티스트 IP 사업기획/운영를 찾습니다. 당신의 커리어를 한 단계 높여줄 이직 기회를 리멤버에서 만나보세요.,,,,,,,,2026-09-16T21:10:50+0900,2026-09-16T21:10:50+0900,2026-09-16T21:10:50+0900,30
334336,active,헤딩써치,https://career.rememberapp.co.kr/job/posting/334336,(주)헤딩써치 채용 | 준법감시인 및 위험관리책임자 경력직 공고 - 리멤버,(주)헤딩써치에서 준법감시인 및 위험관리책임자를 찾습니다. 당신의 커리어를 한 단계 높여줄 이직 기회를 리멤버에서 만나보세요.,,,,,,,,2026-09-16T21:10:50+0900,2026-09-16T21:10:50+0900,2026-09-16T21:10:50+0900,30
334619,active,헤딩써치,https://career.rememberapp.co.kr/job/posting/334619,(주)헤딩써치 채용 | Principal ASIC FAE / Applications Principal Engineer 경력직 공고 - 리멤버,(주)헤딩써치에서 Principal ASIC FAE / Applications Principal Engineer를 찾습니다. 당신의 커리어를 한 단계 높여줄 이직 기회를 리멤버에서 만나보세요.,,,,,,,,2026-09-16T21:10:50+0900,2026-09-16T21:10:50+0900,2026-09-16T21:10:50+0900,55
334695,active,헤딩써치,https://career.rememberapp.co.kr/job/posting/334695,(주)헤딩써치 채용 | 2차전지 조립장비 제조기업 내부회계팀 경력직 공고 - 리멤버,(주)헤딩써치에서 2차전지 조립장비 제조기업 내부회계팀를 찾습니다. 당신의 커리어를 한 단계 높여줄 이직 기회를 리멤버에서 만나보세요.,,,,,,,,2026-09-16T21:10:50+0900,2026-09-16T21:10:50+0900,2026-09-16T21:10:50+0900,45
334853,active,헤딩써치,https://career.rememberapp.co.kr/job/posting/334853,(주)헤딩써치 채용 | [외국계 기업] Senior Accountant 경력직 공고 - 리멤버,(주)헤딩써치에서 [외국계 기업] Senior Accountant를 찾습니다. 당신의 커리어를 한 단계 높여줄 이직 기회를 리멤버에서 만나보세요.,,,,,,,,2026-09-16T21:10:50+0900,2026-09-16T21:10:50+0900,2026-09-16T21:10:50+0900,30
335001,active,헤딩써치,https://career.rememberapp.co.kr/job/posting/335001,(주)헤딩써치 채용 | 변압기 제조 강소기업 공장장 경력직 공고 - 리멤버,(주)헤딩써치에서 변압기 제조 강소기업 공장장를 찾습니다. 당신의 커리어를 한 단계 높여줄 이직 기회를 리멤버에서 만나보세요.,,,,,,,,2026-09-16T21:10:50+0900,2026-09-16T21:10:50+0900,2026-09-16T21:10:50+0900,30
335318,active,헤딩써치,https://career.rememberapp.co.kr/job/posting/335318,(주)헤딩써치 채용 | 코스닥 상장 전자기업(필름 콘덴서 제조) - 재무회계 팀장 경력직 공고 - 리멤버,(주)헤딩써치에서 코스닥 상장 전자기업(필름 콘덴서 제조) - 재무회계 팀장를 찾습니다. 당신의 커리어를 한 단계 높여줄 이직 기회를 리멤버에서 만나보세요.,,,,,,,,2026-09-16T21:10:50+0900,2026-09-16T21:10:50+0900,2026-09-16T21:10:50+0900,55
335637,active,헤딩써치,https://career.rememberapp.co.kr/job/posting/335637,(주)헤딩써치 채용 | [변압기 제조사]국내영업(경력직) 경력직 공고 - 리멤버,(주)헤딩써치에서 [변압기 제조사]국내영업(경력직)를 찾습니다. 당신의 커리어를 한 단계 높여줄 이직 기회를 리멤버에서 만나보세요.,,,,,,,,2026-09-16T21:10:50+0900,2026-09-16T21:10:50+0900,2026-09-16T21:10:50+0900,30
335638,active,헤딩써치,https://career.rememberapp.co.kr/job/posting/335638,(주)헤딩써치 채용 | [변압기 제조사]생산관리(경력직) 경력직 공고 - 리멤버,(주)헤딩써치에서 [변압기 제조사]생산관리(경력직)를 찾습니다. 당신의 커리어를 한 단계 높여줄 이직 기회를 리멤버에서 만나보세요.,,,,,,,,2026-09-16T21:10:50+0900,2026-09-16T21:10:50+0900,2026-09-16T21:10:50+0900,30
335649,active,헤딩써치,https://career.rememberapp.co.kr/job/posting/335649,(주)헤딩써치 채용 | [의료 로봇 전문 기업]해외영업 경력직 경력직 공고 - 리멤버,(주)헤딩써치에서 [의료 로봇 전문 기업]해외영업 경력직를 찾습니다. 당신의 커리어를 한 단계 높여줄 이직 기회를 리멤버에서 만나보세요.,,,,,,,,2026-09-16T21:10:50+0900,2026-09-16T21:10:50+0900,2026-09-16T21:10:50+0900,30
335660,active,헤딩써치,https://career.rememberapp.co.kr/job/posting/335660,(주)헤딩써치 채용 | 글로벌 컨텐츠 마케터(경력~리드급) 경력직 공고 - 리멤버,(주)헤딩써치에서 글로벌 컨텐츠 마케터(경력~리드급)를 찾습니다. 당신의 커리어를 한 단계 높여줄 이직 기회를 리멤버에서 만나보세요.,,,,,,,,2026-09-16T21:10:50+0900,2026-09-16T21:10:50+0900,2026-09-16T21:10:50+0900,30
335665,active,헤딩써치,https://career.rememberapp.co.kr/job/posting/335665,(주)헤딩써치 채용 | 상품기획 BM 경력직 공고 - 리멤버,(주)헤딩써치에서 상품기획 BM를 찾습니다. 당신의 커리어를 한 단계 높여줄 이직 기회를 리멤버에서 만나보세요.,,,,,,,,2026-09-16T21:10:50+0900,2026-09-16T21:10:50+0900,2026-09-16T21:10:50+0900,30
335667,active,헤딩써치,https://career.rememberapp.co.kr/job/posting/335667,(주)헤딩써치 채용 | 글로벌 MD (리드급) 경력직 공고 - 리멤버,(주)헤딩써치에서 글로벌 MD (리드급)를 찾습니다. 당신의 커리어를 한 단계 높여줄 이직 기회를 리멤버에서 만나보세요.,,,,,,,,2026-09-16T21:10:50+0900,2026-09-16T21:10:50+0900,2026-09-16T21:10:50+0900,30
335668,active,헤딩써치,https://career.rememberapp.co.kr/job/posting/335668,(주)헤딩써치 채용 | 글로벌 이커머스 MD 경력직 공고 - 리멤버,(주)헤딩써치에서 글로벌 이커머스 MD를 찾습니다. 당신의 커리어를 한 단계 높여줄 이직 기회를 리멤버에서 만나보세요.,,,,,,,,2026-09-16T21:10:50+0900,2026-09-16T21:10:50+0900,2026-09-16T21:10:50+0900,45
335671,active,헤딩써치,https://career.rememberapp.co.kr/job/posting/335671,(주)헤딩써치 채용 | B2B 해외영업 경력직 공고 - 리멤버,(주)헤딩써치에서 B2B 해외영업를 찾습니다. 당신의 커리어를 한 단계 높여줄 이직 기회를 리멤버에서 만나보세요.,,,,,,,,2026-09-16T21:10:50+0900,2026-09-16T21:10:50+0900,2026-09-16T21:10:50+0900,30
336178,active,헤딩써치,https://career.rememberapp.co.kr/job/posting/336178,(주)헤딩써치 채용 | [글로벌 신약개발 바이오기업] Clinical Operations Manager / Sr. Manager 경력직 공고 - 리멤버,(주)헤딩써치에서 [글로벌 신약개발 바이오기업] Clinical Operations Manager / Sr. Manager를 찾습니다. 당신의 커리어를 한 단계 높여줄 이직 기회를 리멤버에서 만나보세요.,,,,,,,,2026-09-16T21:10:50+0900,2026-09-16T21:10:50+0900,2026-09-16T21:10:50+0900,45
336377,active,헤딩써치,https://career.rememberapp.co.kr/job/posting/336377,(주)헤딩써치 채용 | 진단영업마케팅 임원 경력직 공고 - 리멤버,(주)헤딩써치에서 진단영업마케팅 임원를 찾습니다. 당신의 커리어를 한 단계 높여줄 이직 기회를 리멤버에서 만나보세요.,,,,,,,,2026-09-16T21:10:50+0900,2026-09-16T21:10:50+0900,2026-09-16T21:10:50+0900,55
336409,active,헤딩써치,https://career.rememberapp.co.kr/job/posting/336409,(주)헤딩써치 채용 | 상품기획/개발 BM 경력직 공고 - 리멤버,(주)헤딩써치에서 상품기획/개발 BM를 찾습니다. 당신의 커리어를 한 단계 높여줄 이직 기회를 리멤버에서 만나보세요.,,,,,,,,2026-09-16T21:10:50+0900,2026-09-16T21:10:50+0900,2026-09-16T21:10:50+0900,30
336466,active,헤딩써치,https://career.rememberapp.co.kr/job/posting/336466,(주)헤딩써치 채용 | 기업사업본부 영업대표 경력직 공고 - 리멤버,(주)헤딩써치에서 기업사업본부 영업대표를 찾습니다. 당신의 커리어를 한 단계 높여줄 이직 기회를 리멤버에서 만나보세요.,,,,,,,,2026-09-16T21:10:50+0900,2026-09-16T21:10:50+0900,2026-09-16T21:10:50+0900,30
336580,active,헤딩써치,https://career.rememberapp.co.kr/job/posting/336580,(주)헤딩써치 채용 | nterface_Digital Design 경력직 공고 - 리멤버,(주)헤딩써치에서 nterface_Digital Design를 찾습니다. 당신의 커리어를 한 단계 높여줄 이직 기회를 리멤버에서 만나보세요.,,,,,,,,2026-09-16T21:10:50+0900,2026-09-16T21:10:50+0900,2026-09-16T21:10:50+0900,30
336582,active,헤딩써치,https://career.rememberapp.co.kr/job/posting/336582,(주)헤딩써치 채용 | 글로벌 이커머스 MD 경력직 공고 - 리멤버,(주)헤딩써치에서 글로벌 이커머스 MD를 찾습니다. 당신의 커리어를 한 단계 높여줄 이직 기회를 리멤버에서 만나보세요.,,,,,,,,2026-09-16T21:10:50+0900,2026-09-16T21:10:50+0900,2026-09-16T21:10:50+0900,45
336583,active,헤딩써치,https://career.rememberapp.co.kr/job/posting/336583,(주)헤딩써치 채용 | 글로벌 컨텐츠 마케터(경력~리드급) 경력직 공고 - 리멤버,(주)헤딩써치에서 글로벌 컨텐츠 마케터(경력~리드급)를 찾습니다. 당신의 커리어를 한 단계 높여줄 이직 기회를 리멤버에서 만나보세요.,,,,,,,,2026-09-16T21:10:50+0900,2026-09-16T21:10:50+0900,2026-09-16T21:10:50+0900,30
336586,active,헤딩써치,https://career.rememberapp.co.kr/job/posting/336586,(주)헤딩써치 채용 | Design Platform_Digital Design 경력직 공고 - 리멤버,(주)헤딩써치에서 Design Platform_Digital Design를 찾습니다. 당신의 커리어를 한 단계 높여줄 이직 기회를 리멤버에서 만나보세요.,,,,,,,,2026-09-16T21:10:50+0900,2026-09-16T21:10:50+0900,2026-09-16T21:10:50+0900,30
336590,active,헤딩써치,https://career.rememberapp.co.kr/job/posting/336590,(주)헤딩써치 채용 | Interface_Digital Design (근무지 : 대구 범어역 인근) 경력직 공고 - 리멤버,(주)헤딩써치에서 Interface_Digital Design (근무지 : 대구 범어역 인근)를 찾습니다. 당신의 커리어를 한 단계 높여줄 이직 기회를 리멤버에서 만나보세요.,,,,,,,,2026-09-16T21:10:50+0900,2026-09-16T21:10:50+0900,2026-09-16T21:10:50+0900,30
336594,active,헤딩써치,https://career.rememberapp.co.kr/job/posting/336594,(주)헤딩써치 채용 | MCU_Digital Design (근무지 : 부산 서면역 인근) 경력직 공고 - 리멤버,(주)헤딩써치에서 MCU_Digital Design (근무지 : 부산 서면역 인근)를 찾습니다. 당신의 커리어를 한 단계 높여줄 이직 기회를 리멤버에서 만나보세요.,,,,,,,,2026-09-16T21:10:50+0900,2026-09-16T21:10:50+0900,2026-09-16T21:10:50+0900,30
336598,active,헤딩써치,https://career.rememberapp.co.kr/job/posting/336598,(주)헤딩써치 채용 | 상품기획 BM 경력직 공고 - 리멤버,(주)헤딩써치에서 상품기획 BM를 찾습니다. 당신의 커리어를 한 단계 높여줄 이직 기회를 리멤버에서 만나보세요.,,,,,,,,2026-09-16T21:10:50+0900,2026-09-16T21:10:50+0900,2026-09-16T21:10:50+0900,30
336604,active,헤딩써치,https://career.rememberapp.co.kr/job/posting/336604,(주)헤딩써치 채용 | 경영기획&재무총괄 팀장 경력직 공고 - 리멤버,(주)헤딩써치에서 경영기획&재무총괄 팀장를 찾습니다. 당신의 커리어를 한 단계 높여줄 이직 기회를 리멤버에서 만나보세요.,,,,,,,,2026-09-16T21:10:50+0900,2026-09-16T21:10:50+0900,2026-09-16T21:10:50+0900,55
336622,active,헤딩써치,https://career.rememberapp.co.kr/job/posting/336622,(주)헤딩써치 채용 | 생산팀 담당자 경력직 공고 - 리멤버,(주)헤딩써치에서 생산팀 담당자를 찾습니다. 당신의 커리어를 한 단계 높여줄 이직 기회를 리멤버에서 만나보세요.,,,,,,,,2026-09-16T21:10:50+0900,2026-09-16T21:10:50+0900,2026-09-16T21:10:50+0900,30
336661,active,헤딩써치,https://career.rememberapp.co.kr/job/posting/336661,(주)헤딩써치 채용 | 친수제 부문 기술영업 경력직 공고 - 리멤버,(주)헤딩써치에서 친수제 부문 기술영업를 찾습니다. 당신의 커리어를 한 단계 높여줄 이직 기회를 리멤버에서 만나보세요.,,,,,,,,2026-09-16T21:10:50+0900,2026-09-16T21:10:50+0900,2026-09-16T21:10:50+0900,30
336713,active,헤딩써치,https://career.rememberapp.co.kr/job/posting/336713,(주)헤딩써치 채용 | 변압기 국내영업 경력직 경력직 공고 - 리멤버,(주)헤딩써치에서 변압기 국내영업 경력직를 찾습니다. 당신의 커리어를 한 단계 높여줄 이직 기회를 리멤버에서 만나보세요.,,,,,,,,2026-09-16T21:10:50+0900,2026-09-16T21:10:50+0900,2026-09-16T21:10:50+0900,30
336726,active,헤딩써치,https://career.rememberapp.co.kr/job/posting/336726,(주)헤딩써치 채용 | 변압기 해외영업 경력직 경력직 공고 - 리멤버,(주)헤딩써치에서 변압기 해외영업 경력직를 찾습니다. 당신의 커리어를 한 단계 높여줄 이직 기회를 리멤버에서 만나보세요.,,,,,,,,2026-09-16T21:10:50+0900,2026-09-16T21:10:50+0900,2026-09-16T21:10:50+0900,30
336736,active,헤딩써치,https://career.rememberapp.co.kr/job/posting/336736,(주)헤딩써치 채용 | 변압기 구매 경력직 경력직 공고 - 리멤버,(주)헤딩써치에서 변압기 구매 경력직를 찾습니다. 당신의 커리어를 한 단계 높여줄 이직 기회를 리멤버에서 만나보세요.,,,,,,,,2026-09-16T21:10:50+0900,2026-09-16T21:10:50+0900,2026-09-16T21:10:50+0900,30
336739,active,헤딩써치,https://career.rememberapp.co.kr/job/posting/336739,(주)헤딩써치 채용 | 뷰티·건기식 글로벌 웰니스 기업 전략기획팀장 경력직 공고 - 리멤버,(주)헤딩써치에서 뷰티·건기식 글로벌 웰니스 기업 전략기획팀장를 찾습니다. 당신의 커리어를 한 단계 높여줄 이직 기회를 리멤버에서 만나보세요.,,,,,,,,2026-09-16T21:10:50+0900,2026-09-16T21:10:50+0900,2026-09-16T21:10:50+0900,70
336742,active,헤딩써치,https://career.rememberapp.co.kr/job/posting/336742,(주)헤딩써치 채용 | 변압기 설계 (신입/경력) 경력직 공고 - 리멤버,(주)헤딩써치에서 변압기 설계 (신입/경력)를 찾습니다. 당신의 커리어를 한 단계 높여줄 이직 기회를 리멤버에서 만나보세요.,,,,,,,,2026-09-16T21:10:50+0900,2026-09-16T21:10:50+0900,2026-09-16T21:10:50+0900,30
336752,active,헤딩써치,https://career.rememberapp.co.kr/job/posting/336752,(주)헤딩써치 채용 | 변압기설계 (대리-팀장) 경력직 공고 - 리멤버,(주)헤딩써치에서 변압기설계 (대리-팀장)를 찾습니다. 당신의 커리어를 한 단계 높여줄 이직 기회를 리멤버에서 만나보세요.,,,,,,,,2026-09-16T21:10:50+0900,2026-09-16T21:10:50+0900,2026-09-16T21:10:50+0900,55
336761,active,헤딩써치,https://career.rememberapp.co.kr/job/posting/336761,(주)헤딩써치 채용 | 아티스트IP 사업기획 / 운영 경력직 공고 - 리멤버,(주)헤딩써치에서 아티스트IP 사업기획 / 운영를 찾습니다. 당신의 커리어를 한 단계 높여줄 이직 기회를 리멤버에서 만나보세요.,,,,,,,,2026-09-16T21:10:50+0900,2026-09-16T21:10:50+0900,2026-09-16T21:10:50+0900,30
336844,active,헤딩써치,https://career.rememberapp.co.kr/job/posting/336844,(주)헤딩써치 채용 | 자금 담당자 경력직 공고 - 리멤버,(주)헤딩써치에서 자금 담당자를 찾습니다. 당신의 커리어를 한 단계 높여줄 이직 기회를 리멤버에서 만나보세요.,,,,,,,,2026-09-16T21:10:50+0900,2026-09-16T21:10:50+0900,2026-09-16T21:10:50+0900,30
336859,active,헤딩써치,https://career.rememberapp.co.kr/job/posting/336859,(주)헤딩써치 채용 | 글로벌 이커머스 MD 경력직 공고 - 리멤버,(주)헤딩써치에서 글로벌 이커머스 MD를 찾습니다. 당신의 커리어를 한 단계 높여줄 이직 기회를 리멤버에서 만나보세요.,,,,,,,,2026-09-16T21:10:50+0900,2026-09-16T21:10:50+0900,2026-09-16T21:10:50+0900,45
337008,active,헤딩써치,https://career.rememberapp.co.kr/job/posting/337008,(주)헤딩써치 채용 | SW/제어 팀장 (경력 15년 이상) 경력직 공고 - 리멤버,(주)헤딩써치에서 SW/제어 팀장 (경력 15년 이상)를 찾습니다. 당신의 커리어를 한 단계 높여줄 이직 기회를 리멤버에서 만나보세요.,,,,,,,,2026-09-16T21:10:50+0900,2026-09-16T21:10:50+0900,2026-09-16T21:10:50+0900,55
337012,active,헤딩써치,https://career.rememberapp.co.kr/job/posting/337012,(주)헤딩써치 채용 | 컨텐츠마케터 경력직 공고 - 리멤버,(주)헤딩써치에서 컨텐츠마케터를 찾습니다. 당신의 커리어를 한 단계 높여줄 이직 기회를 리멤버에서 만나보세요.,,,,,,,,2026-09-16T21:10:50+0900,2026-09-16T21:10:50+0900,2026-09-16T21:10:50+0900,30
337019,active,헤딩써치,https://career.rememberapp.co.kr/job/posting/337019,(주)헤딩써치 채용 | 미국 아마존 채널 운영 담당 경력직 공고 - 리멤버,(주)헤딩써치에서 미국 아마존 채널 운영 담당를 찾습니다. 당신의 커리어를 한 단계 높여줄 이직 기회를 리멤버에서 만나보세요.,,,,,,,,2026-09-16T21:10:50+0900,2026-09-16T21:10:50+0900,2026-09-16T21:10:50+0900,30
337020,active,헤딩써치,https://career.rememberapp.co.kr/job/posting/337020,(주)헤딩써치 채용 | 컨텐츠 디자이너 경력직 공고 - 리멤버,(주)헤딩써치에서 컨텐츠 디자이너를 찾습니다. 당신의 커리어를 한 단계 높여줄 이직 기회를 리멤버에서 만나보세요.,,,,,,,,2026-09-16T21:10:50+0900,2026-09-16T21:10:50+0900,2026-09-16T21:10:50+0900,30
337024,active,헤딩써치,https://career.rememberapp.co.kr/job/posting/337024,(주)헤딩써치 채용 | 제품 디자이너 경력직 공고 - 리멤버,(주)헤딩써치에서 제품 디자이너를 찾습니다. 당신의 커리어를 한 단계 높여줄 이직 기회를 리멤버에서 만나보세요.,,,,,,,,2026-09-16T21:10:50+0900,2026-09-16T21:10:50+0900,2026-09-16T21:10:50+0900,30
337027,active,헤딩써치,https://career.rememberapp.co.kr/job/posting/337027,(주)헤딩써치 채용 | 제품기획 & 제품디자인 그룹 리더 경력직 공고 - 리멤버,(주)헤딩써치에서 제품기획 & 제품디자인 그룹 리더를 찾습니다. 당신의 커리어를 한 단계 높여줄 이직 기회를 리멤버에서 만나보세요.,,,,,,,,2026-09-16T21:10:50+0900,2026-09-16T21:10:50+0900,2026-09-16T21:10:50+0900,30
337032,active,헤딩써치,https://career.rememberapp.co.kr/job/posting/337032,(주)헤딩써치 채용 | 퍼포먼스 마케터 경력직 공고 - 리멤버,(주)헤딩써치에서 퍼포먼스 마케터를 찾습니다. 당신의 커리어를 한 단계 높여줄 이직 기회를 리멤버에서 만나보세요.,,,,,,,,2026-09-16T21:10:50+0900,2026-09-16T21:10:50+0900,2026-09-16T21:10:50+0900,30
337036,active,헤딩써치,https://career.rememberapp.co.kr/job/posting/337036,(주)헤딩써치 채용 | 총무 경력직 공고 - 리멤버,(주)헤딩써치에서 총무를 찾습니다. 당신의 커리어를 한 단계 높여줄 이직 기회를 리멤버에서 만나보세요.,,,,,,,,2026-09-16T21:10:50+0900,2026-09-16T21:10:50+0900,2026-09-16T21:10:50+0900,30
337082,active,헤딩써치,https://career.rememberapp.co.kr/job/posting/337082,(주)헤딩써치 채용 | 기구설계 엔지니어 경력직 공고 - 리멤버,(주)헤딩써치에서 기구설계 엔지니어를 찾습니다. 당신의 커리어를 한 단계 높여줄 이직 기회를 리멤버에서 만나보세요.,,,,,,,,2026-09-16T21:10:50+0900,2026-09-16T21:10:50+0900,2026-09-16T21:10:50+0900,30
337288,active,헤딩써치,https://career.rememberapp.co.kr/job/posting/337288,(주)헤딩써치 채용 | 조리팀 정규직(기숙사 제공/가평) 경력직 공고 - 리멤버,(주)헤딩써치에서 조리팀 정규직(기숙사 제공/가평)를 찾습니다. 당신의 커리어를 한 단계 높여줄 이직 기회를 리멤버에서 만나보세요.,,,,,,,,2026-09-16T21:10:50+0900,2026-09-16T21:10:50+0900,2026-09-16T21:10:50+0900,30
337361,active,헤딩써치,https://career.rememberapp.co.kr/job/posting/337361,(주)헤딩써치 채용 | Memory Interface IP 개발 포지션 경력직 공고 - 리멤버,(주)헤딩써치에서 Memory Interface IP 개발 포지션를 찾습니다. 당신의 커리어를 한 단계 높여줄 이직 기회를 리멤버에서 만나보세요.,,,,,,,,2026-09-16T21:10:50+0900,2026-09-16T21:10:50+0900,2026-09-16T21:10:50+0900,30
338110,active,헤딩써치,https://career.rememberapp.co.kr/job/posting/338110,(주)헤딩써치 채용 | 연구소장(CTO) 경력직 공고 - 리멤버,(주)헤딩써치에서 연구소장(CTO)를 찾습니다. 당신의 커리어를 한 단계 높여줄 이직 기회를 리멤버에서 만나보세요.,,,,,,,,2026-09-16T21:10:50+0900,2026-09-16T21:10:50+0900,2026-09-16T21:10:50+0900,30
338205,active,헤딩써치,https://career.rememberapp.co.kr/job/posting/338205,(주)헤딩써치 채용 | [대기업 계열 광고회사] Sr. AE 경력직 공고 - 리멤버,(주)헤딩써치에서 [대기업 계열 광고회사] Sr. AE를 찾습니다. 당신의 커리어를 한 단계 높여줄 이직 기회를 리멤버에서 만나보세요.,,,,,,,,2026-09-16T21:10:50+0900,2026-09-16T21:10:50+0900,2026-09-16T21:10:50+0900,30
338213,active,헤딩써치,https://career.rememberapp.co.kr/job/posting/338213,(주)헤딩써치 채용 | [헤드헌팅] 반도체 첨단 패키징/소재기술 전문기업 - 기술영업 경력직 공고 - 리멤버,(주)헤딩써치에서 [헤드헌팅] 반도체 첨단 패키징/소재기술 전문기업 - 기술영업를 찾습니다. 당신의 커리어를 한 단계 높여줄 이직 기회를 리멤버에서 만나보세요.,,,,,,,,2026-09-16T21:10:50+0900,2026-09-16T21:10:50+0900,2026-09-16T21:10:50+0900,45
338218,active,헤딩써치,https://career.rememberapp.co.kr/job/posting/338218,(주)헤딩써치 채용 | 중국지역 영업팀장 경력직 공고 - 리멤버,(주)헤딩써치에서 중국지역 영업팀장를 찾습니다. 당신의 커리어를 한 단계 높여줄 이직 기회를 리멤버에서 만나보세요.,,,,,,,,2026-09-16T21:10:50+0900,2026-09-16T21:10:50+0900,2026-09-16T21:10:50+0900,55
338282,active,헤딩써치,https://career.rememberapp.co.kr/job/posting/338282,(주)헤딩써치 채용 | 북미지역 대외 협력 임원급 경력직 공고 - 리멤버,(주)헤딩써치에서 북미지역 대외 협력 임원급를 찾습니다. 당신의 커리어를 한 단계 높여줄 이직 기회를 리멤버에서 만나보세요.,,,,,,,,2026-09-16T21:10:50+0900,2026-09-16T21:10:50+0900,2026-09-16T21:10:50+0900,55
338520,active,헤딩써치,https://career.rememberapp.co.kr/job/posting/338520,(주)헤딩써치 채용 | CRM마케터 팀장 경력직 공고 - 리멤버,(주)헤딩써치에서 CRM마케터 팀장를 찾습니다. 당신의 커리어를 한 단계 높여줄 이직 기회를 리멤버에서 만나보세요.,,,,,,,,2026-09-16T21:10:50+0900,2026-09-16T21:10:50+0900,2026-09-16T21:10:50+0900,55
338522,active,헤딩써치,https://career.rememberapp.co.kr/job/posting/338522,(주)헤딩써치 채용 | CRM마케터 팀원 경력직 공고 - 리멤버,(주)헤딩써치에서 CRM마케터 팀원를 찾습니다. 당신의 커리어를 한 단계 높여줄 이직 기회를 리멤버에서 만나보세요.,,,,,,,,2026-09-16T21:10:50+0900,2026-09-16T21:10:50+0900,2026-09-16T21:10:50+0900,30
338527,active,헤딩써치,https://career.rememberapp.co.kr/job/posting/338527,(주)헤딩써치 채용 | 온라인 유통 팀장·본부장 경력직 공고 - 리멤버,(주)헤딩써치에서 온라인 유통 팀장·본부장를 찾습니다. 당신의 커리어를 한 단계 높여줄 이직 기회를 리멤버에서 만나보세요.,,,,,,,,2026-09-16T21:10:50+0900,2026-09-16T21:10:50+0900,2026-09-16T21:10:50+0900,55
338531,active,헤딩써치,https://career.rememberapp.co.kr/job/posting/338531,(주)헤딩써치 채용 | 브랜드매니저 경력직 공고 - 리멤버,(주)헤딩써치에서 브랜드매니저를 찾습니다. 당신의 커리어를 한 단계 높여줄 이직 기회를 리멤버에서 만나보세요.,,,,,,,,2026-09-16T21:10:50+0900,2026-09-16T21:10:50+0900,2026-09-16T21:10:50+0900,30
338532,active,헤딩써치,https://career.rememberapp.co.kr/job/posting/338532,(주)헤딩써치 채용 | 쿠팡 MD 경력직 공고 - 리멤버,(주)헤딩써치에서 쿠팡 MD를 찾습니다. 당신의 커리어를 한 단계 높여줄 이직 기회를 리멤버에서 만나보세요.,,,,,,,,2026-09-16T21:10:50+0900,2026-09-16T21:10:50+0900,2026-09-16T21:10:50+0900,30
338535,active,헤딩써치,https://career.rememberapp.co.kr/job/posting/338535,(주)헤딩써치 채용 | 자사몰 MD 경력직 공고 - 리멤버,(주)헤딩써치에서 자사몰 MD를 찾습니다. 당신의 커리어를 한 단계 높여줄 이직 기회를 리멤버에서 만나보세요.,,,,,,,,2026-09-16T21:10:50+0900,2026-09-16T21:10:50+0900,2026-09-16T21:10:50+0900,30
338536,active,헤딩써치,https://career.rememberapp.co.kr/job/posting/338536,(주)헤딩써치 채용 | 외부채널 MD 경력직 공고 - 리멤버,(주)헤딩써치에서 외부채널 MD를 찾습니다. 당신의 커리어를 한 단계 높여줄 이직 기회를 리멤버에서 만나보세요.,,,,,,,,2026-09-16T21:10:50+0900,2026-09-16T21:10:50+0900,2026-09-16T21:10:50+0900,30
338691,active,헤딩써치,https://career.rememberapp.co.kr/job/posting/338691,(주)헤딩써치 채용 | [글로벌자동차국내법인] C&B 스페셜리스트 경력직 공고 - 리멤버,(주)헤딩써치에서 [글로벌자동차국내법인] C&B 스페셜리스트를 찾습니다. 당신의 커리어를 한 단계 높여줄 이직 기회를 리멤버에서 만나보세요.,,,,,,,,2026-09-16T21:10:50+0900,2026-09-16T21:10:50+0900,2026-09-16T21:10:50+0900,30
338701,active,헤딩써치,https://career.rememberapp.co.kr/job/posting/338701,(주)헤딩써치 채용 | 사업개발 경력직 공고 - 리멤버,(주)헤딩써치에서 사업개발를 찾습니다. 당신의 커리어를 한 단계 높여줄 이직 기회를 리멤버에서 만나보세요.,,,,,,,,2026-09-16T21:10:50+0900,2026-09-16T21:10:50+0900,2026-09-16T21:10:50+0900,30
338702,active,헤딩써치,https://career.rememberapp.co.kr/job/posting/338702,(주)헤딩써치 채용 | 서비스기획 경력직 공고 - 리멤버,(주)헤딩써치에서 서비스기획를 찾습니다. 당신의 커리어를 한 단계 높여줄 이직 기회를 리멤버에서 만나보세요.,,,,,,,,2026-09-16T21:10:50+0900,2026-09-16T21:10:50+0900,2026-09-16T21:10:50+0900,30
338798,active,헤딩써치,https://career.rememberapp.co.kr/job/posting/338798,(주)헤딩써치 채용 | 온라인 MD 경력직 공고 - 리멤버,(주)헤딩써치에서 온라인 MD를 찾습니다. 당신의 커리어를 한 단계 높여줄 이직 기회를 리멤버에서 만나보세요.,,,,,,,,2026-09-16T21:10:50+0900,2026-09-16T21:10:50+0900,2026-09-16T21:10:50+0900,30
338824,active,헤딩써치,https://career.rememberapp.co.kr/job/posting/338824,(주)헤딩써치 채용 | 품질파트장 (HACCP/품질관리) 경력직 공고 - 리멤버,(주)헤딩써치에서 품질파트장 (HACCP/품질관리)를 찾습니다. 당신의 커리어를 한 단계 높여줄 이직 기회를 리멤버에서 만나보세요.,,,,,,,,2026-09-16T21:10:50+0900,2026-09-16T21:10:50+0900,2026-09-16T21:10:50+0900,30
338906,active,헤딩써치,https://career.rememberapp.co.kr/job/posting/338906,(주)헤딩써치 채용 | 요리연구개발 경력직 공고 - 리멤버,(주)헤딩써치에서 요리연구개발를 찾습니다. 당신의 커리어를 한 단계 높여줄 이직 기회를 리멤버에서 만나보세요.,,,,,,,,2026-09-16T21:10:50+0900,2026-09-16T21:10:50+0900,2026-09-16T21:10:50+0900,30
339294,active,헤딩써치,https://career.rememberapp.co.kr/job/posting/339294,(주)헤딩써치 채용 | Brand & Sales 컨설턴트 경력직 공고 - 리멤버,(주)헤딩써치에서 Brand & Sales 컨설턴트를 찾습니다. 당신의 커리어를 한 단계 높여줄 이직 기회를 리멤버에서 만나보세요.,,,,,,,,2026-09-16T21:10:50+0900,2026-09-16T21:10:50+0900,2026-09-16T21:10:50+0900,30
339374,active,헤딩써치,https://career.rememberapp.co.kr/job/posting/339374,(주)헤딩써치 채용 | QA Department Manager 경력직 공고 - 리멤버,(주)헤딩써치에서 QA Department Manager를 찾습니다. 당신의 커리어를 한 단계 높여줄 이직 기회를 리멤버에서 만나보세요.,,,,,,,,2026-09-16T21:10:50+0900,2026-09-16T21:10:50+0900,2026-09-16T21:10:50+0900,30
339375,active,헤딩써치,https://career.rememberapp.co.kr/job/posting/339375,(주)헤딩써치 채용 | QA Department Manager 경력직 공고 - 리멤버,(주)헤딩써치에서 QA Department Manager를 찾습니다. 당신의 커리어를 한 단계 높여줄 이직 기회를 리멤버에서 만나보세요.,,,,,,,,2026-09-16T21:10:50+0900,2026-09-16T21:10:50+0900,2026-09-16T21:10:50+0900,30
339380,active,헤딩써치,https://career.rememberapp.co.kr/job/posting/339380,(주)헤딩써치 채용 | 국내/해외 영업 총괄 (임원급) 경력직 공고 - 리멤버,(주)헤딩써치에서 국내/해외 영업 총괄 (임원급)를 찾습니다. 당신의 커리어를 한 단계 높여줄 이직 기회를 리멤버에서 만나보세요.,,,,,,,,2026-09-16T21:10:50+0900,2026-09-16T21:10:50+0900,2026-09-16T21:10:50+0900,55
339385,active,헤딩써치,https://career.rememberapp.co.kr/job/posting/339385,(주)헤딩써치 채용 | 경영관리팀 결산담당자 경력직 공고 - 리멤버,(주)헤딩써치에서 경영관리팀 결산담당자를 찾습니다. 당신의 커리어를 한 단계 높여줄 이직 기회를 리멤버에서 만나보세요.,,,,,,,,2026-09-16T21:10:50+0900,2026-09-16T21:10:50+0900,2026-09-16T21:10:50+0900,30
339388,active,헤딩써치,https://career.rememberapp.co.kr/job/posting/339388,(주)헤딩써치 채용 | [중견기업] 경영관리팀-경영기획담당 경력직 공고 - 리멤버,(주)헤딩써치에서 [중견기업] 경영관리팀-경영기획담당를 찾습니다. 당신의 커리어를 한 단계 높여줄 이직 기회를 리멤버에서 만나보세요.,,,,,,,,2026-09-16T21:10:50+0900,2026-09-16T21:10:50+0900,2026-09-16T21:10:50+0900,30
339408,active,헤딩써치,https://career.rememberapp.co.kr/job/posting/339408,(주)헤딩써치 채용 | [중견 건설사 ] 공공사업 기술영업 본부장급 경력직 공고 - 리멤버,(주)헤딩써치에서 [중견 건설사 ] 공공사업 기술영업 본부장급를 찾습니다. 당신의 커리어를 한 단계 높여줄 이직 기회를 리멤버에서 만나보세요.,,,,,,,,2026-09-16T21:10:50+0900,2026-09-16T21:10:50+0900,2026-09-16T21:10:50+0900,55
339681,active,헤딩써치,https://career.rememberapp.co.kr/job/posting/339681,(주)헤딩써치 채용 | NDT Specialist 경력직 공고 - 리멤버,(주)헤딩써치에서 NDT Specialist를 찾습니다. 당신의 커리어를 한 단계 높여줄 이직 기회를 리멤버에서 만나보세요.,,,,,,,,2026-09-16T21:10:50+0900,2026-09-16T21:10:50+0900,2026-09-16T21:10:50+0900,30
339725,active,헤딩써치,https://career.rememberapp.co.kr/job/posting/339725,(주)헤딩써치 채용 | 품질경영 QA_정밀화학사업부 (의약품 중간체&정밀화학) 경력직 공고 - 리멤버,(주)헤딩써치에서 품질경영 QA_정밀화학사업부 (의약품 중간체&정밀화학)를 찾습니다. 당신의 커리어를 한 단계 높여줄 이직 기회를 리멤버에서 만나보세요.,,,,,,,,2026-09-16T21:10:50+0900,2026-09-16T21:10:50+0900,2026-09-16T21:10:50+0900,30
339728,active,헤딩써치,https://career.rememberapp.co.kr/job/posting/339728,(주)헤딩써치 채용 | 품질경영 QC_정밀화학사업부 (의약품 중간체&정밀화학) 경력직 공고 - 리멤버,(주)헤딩써치에서 품질경영 QC_정밀화학사업부 (의약품 중간체&정밀화학)를 찾습니다. 당신의 커리어를 한 단계 높여줄 이직 기회를 리멤버에서 만나보세요.,,,,,,,,2026-09-16T21:10:50+0900,2026-09-16T21:10:50+0900,2026-09-16T21:10:50+0900,30
339780,active,헤딩써치,https://career.rememberapp.co.kr/job/posting/339780,(주)헤딩써치 채용 | AI/Cloud 비용관리 컨설턴트 경력직 공고 - 리멤버,(주)헤딩써치에서 AI/Cloud 비용관리 컨설턴트를 찾습니다. 당신의 커리어를 한 단계 높여줄 이직 기회를 리멤버에서 만나보세요.,,,,,,,,2026-09-16T21:10:50+0900,2026-09-16T21:10:50+0900,2026-09-16T21:10:50+0900,45
339786,active,헤딩써치,https://career.rememberapp.co.kr/job/posting/339786,(주)헤딩써치 채용 | SAP BC 경력직 공고 - 리멤버,(주)헤딩써치에서 SAP BC를 찾습니다. 당신의 커리어를 한 단계 높여줄 이직 기회를 리멤버에서 만나보세요.,,,,,,,,2026-09-16T21:10:50+0900,2026-09-16T21:10:50+0900,2026-09-16T21:10:50+0900,30
339794,active,헤딩써치,https://career.rememberapp.co.kr/job/posting/339794,(주)헤딩써치 채용 | [제조업] 영업팀 팀장(Sales Team Leader) 경력직 공고 - 리멤버,(주)헤딩써치에서 [제조업] 영업팀 팀장(Sales Team Leader)를 찾습니다. 당신의 커리어를 한 단계 높여줄 이직 기회를 리멤버에서 만나보세요.,,,,,,,,2026-09-16T21:10:50+0900,2026-09-16T21:10:50+0900,2026-09-16T21:10:50+0900,55
339937,active,헤딩써치,https://career.rememberapp.co.kr/job/posting/339937,(주)헤딩써치 채용 | 바이오텍 IR 총괄 책임자 경력직 공고 - 리멤버,(주)헤딩써치에서 바이오텍 IR 총괄 책임자를 찾습니다. 당신의 커리어를 한 단계 높여줄 이직 기회를 리멤버에서 만나보세요.,,,,,,,,2026-09-16T21:10:50+0900,2026-09-16T21:10:50+0900,2026-09-16T21:10:50+0900,45
340067,active,헤딩써치,https://career.rememberapp.co.kr/job/posting/340067,(주)헤딩써치 채용 | Brand & Sales 컨설턴트 경력직 공고 - 리멤버,(주)헤딩써치에서 Brand & Sales 컨설턴트를 찾습니다. 당신의 커리어를 한 단계 높여줄 이직 기회를 리멤버에서 만나보세요.,,,,,,,,2026-09-16T21:10:50+0900,2026-09-16T21:10:50+0900,2026-09-16T21:10:50+0900,30
340069,active,헤딩써치,https://career.rememberapp.co.kr/job/posting/340069,(주)헤딩써치 채용 | 사내변호사 경력직 공고 - 리멤버,(주)헤딩써치에서 사내변호사를 찾습니다. 당신의 커리어를 한 단계 높여줄 이직 기회를 리멤버에서 만나보세요.,,,,,,,,2026-09-16T21:10:50+0900,2026-09-16T21:10:50+0900,2026-09-16T21:10:50+0900,30
340072,active,헤딩써치,https://career.rememberapp.co.kr/job/posting/340072,(주)헤딩써치 채용 | 변호사 경력직 공고 - 리멤버,(주)헤딩써치에서 변호사를 찾습니다. 당신의 커리어를 한 단계 높여줄 이직 기회를 리멤버에서 만나보세요.,,,,,,,,2026-09-16T21:10:50+0900,2026-09-16T21:10:50+0900,2026-09-16T21:10:50+0900,30
340083,active,헤딩써치,https://career.rememberapp.co.kr/job/posting/340083,(주)헤딩써치 채용 | 여자 퍼포먼스 트레이닝 팀장급 경력직 공고 - 리멤버,(주)헤딩써치에서 여자 퍼포먼스 트레이닝 팀장급를 찾습니다. 당신의 커리어를 한 단계 높여줄 이직 기회를 리멤버에서 만나보세요.,,,,,,,,2026-09-16T21:10:50+0900,2026-09-16T21:10:50+0900,2026-09-16T21:10:50+0900,55
340098,active,헤딩써치,https://career.rememberapp.co.kr/job/posting/340098,(주)헤딩써치 채용 | 개발 리더급 경력직 공고 - 리멤버,(주)헤딩써치에서 개발 리더급를 찾습니다. 당신의 커리어를 한 단계 높여줄 이직 기회를 리멤버에서 만나보세요.,,,,,,,,2026-09-16T21:10:50+0900,2026-09-16T21:10:50+0900,2026-09-16T21:10:50+0900,30
340130,active,헤딩써치,https://career.rememberapp.co.kr/job/posting/340130,(주)헤딩써치 채용 | AI Agent B2B Sales(기업영업) 경력직 공고 - 리멤버,(주)헤딩써치에서 AI Agent B2B Sales(기업영업)를 찾습니다. 당신의 커리어를 한 단계 높여줄 이직 기회를 리멤버에서 만나보세요.,,,,,,,,2026-09-16T21:10:50+0900,2026-09-16T21:10:50+0900,2026-09-16T21:10:50+0900,45
340149,active,헤딩써치,https://career.rememberapp.co.kr/job/posting/340149,(주)헤딩써치 채용 | [웰컴저축은행] 중고차 할부금융 영업 담당자 경력직 공고 - 리멤버,(주)헤딩써치에서 [웰컴저축은행] 중고차 할부금융 영업 담당자를 찾습니다. 당신의 커리어를 한 단계 높여줄 이직 기회를 리멤버에서 만나보세요.,,,,,,,,2026-09-16T21:10:50+0900,2026-09-16T21:10:50+0900,2026-09-16T21:10:50+0900,30
340151,active,헤딩써치,https://career.rememberapp.co.kr/job/posting/340151,(주)헤딩써치 채용 | Chemical 고분자 배합 개발자 경력직 공고 - 리멤버,(주)헤딩써치에서 Chemical 고분자 배합 개발자를 찾습니다. 당신의 커리어를 한 단계 높여줄 이직 기회를 리멤버에서 만나보세요.,,,,,,,,2026-09-16T21:10:50+0900,2026-09-16T21:10:50+0900,2026-09-16T21:10:50+0900,30
340246,active,헤딩써치,https://career.rememberapp.co.kr/job/posting/340246,(주)헤딩써치 채용 | [의류벤더]해외영업 경력 채용(베트남 호치민) 경력직 공고 - 리멤버,(주)헤딩써치에서 [의류벤더]해외영업 경력 채용(베트남 호치민)를 찾습니다. 당신의 커리어를 한 단계 높여줄 이직 기회를 리멤버에서 만나보세요.,,,,,,,,2026-09-16T21:10:50+0900,2026-09-16T21:10:50+0900,2026-09-16T21:10:50+0900,30
340582,active,헤딩써치,https://career.rememberapp.co.kr/job/posting/340582,(주)헤딩써치 채용 | [국내대표 태양광·재생에너지] 사업개발PM 경력직 공고 - 리멤버,(주)헤딩써치에서 [국내대표 태양광·재생에너지] 사업개발PM를 찾습니다. 당신의 커리어를 한 단계 높여줄 이직 기회를 리멤버에서 만나보세요.,,,,,,,,2026-09-16T21:10:50+0900,2026-09-16T21:10:50+0900,2026-09-16T21:10:50+0900,30
340586,active,헤딩써치,https://career.rememberapp.co.kr/job/posting/340586,(주)헤딩써치 채용 | [태양광대표기업] EPC엔지니어 경력직 공고 - 리멤버,(주)헤딩써치에서 [태양광대표기업] EPC엔지니어를 찾습니다. 당신의 커리어를 한 단계 높여줄 이직 기회를 리멤버에서 만나보세요.,,,,,,,,2026-09-16T21:10:50+0900,2026-09-16T21:10:50+0900,2026-09-16T21:10:50+0900,30
340632,active,헤딩써치,https://career.rememberapp.co.kr/job/posting/340632,(주)헤딩써치 채용 | 인사·채용 및 경영지원 담당 경력직 공고 - 리멤버,(주)헤딩써치에서 인사·채용 및 경영지원 담당를 찾습니다. 당신의 커리어를 한 단계 높여줄 이직 기회를 리멤버에서 만나보세요.,,,,,,,,2026-09-16T21:10:50+0900,2026-09-16T21:10:50+0900,2026-09-16T21:10:50+0900,30
340725,active,헤딩써치,https://career.rememberapp.co.kr/job/posting/340725,(주)헤딩써치 채용 | DATA&AI본부장 경력직 공고 - 리멤버,(주)헤딩써치에서 DATA&AI본부장를 찾습니다. 당신의 커리어를 한 단계 높여줄 이직 기회를 리멤버에서 만나보세요.,,,,,,,,2026-09-16T21:10:50+0900,2026-09-16T21:10:50+0900,2026-09-16T21:10:50+0900,70
340938,active,헤딩써치,https://career.rememberapp.co.kr/job/posting/340938,(주)헤딩써치 채용 | [에듀테크 온라인플랫폼 기업] 법무담당자 경력직 공고 - 리멤버,(주)헤딩써치에서 [에듀테크 온라인플랫폼 기업] 법무담당자를 찾습니다. 당신의 커리어를 한 단계 높여줄 이직 기회를 리멤버에서 만나보세요.,,,,,,,,2026-09-16T21:10:50+0900,2026-09-16T21:10:50+0900,2026-09-16T21:10:50+0900,30
341060,active,헤딩써치,https://career.rememberapp.co.kr/job/posting/341060,(주)헤딩써치 채용 | Senior FullStackEngineer 경력직 공고 - 리멤버,(주)헤딩써치에서 Senior FullStackEngineer를 찾습니다. 당신의 커리어를 한 단계 높여줄 이직 기회를 리멤버에서 만나보세요.,,,,,,,,2026-09-16T21:10:50+0900,2026-09-16T21:10:50+0900,2026-09-16T21:10:50+0900,30
341062,active,헤딩써치,https://career.rememberapp.co.kr/job/posting/341062,(주)헤딩써치 채용 | 전략기획 경력직 공고 - 리멤버,(주)헤딩써치에서 전략기획를 찾습니다. 당신의 커리어를 한 단계 높여줄 이직 기회를 리멤버에서 만나보세요.,,,,,,,,2026-09-16T21:10:50+0900,2026-09-16T21:10:50+0900,2026-09-16T21:10:50+0900,30
341064,active,헤딩써치,https://career.rememberapp.co.kr/job/posting/341064,(주)헤딩써치 채용 | Senior Product (iGaming) 경력직 공고 - 리멤버,(주)헤딩써치에서 Senior Product (iGaming)를 찾습니다. 당신의 커리어를 한 단계 높여줄 이직 기회를 리멤버에서 만나보세요.,,,,,,,,2026-09-16T21:10:50+0900,2026-09-16T21:10:50+0900,2026-09-16T21:10:50+0900,30
341068,active,헤딩써치,https://career.rememberapp.co.kr/job/posting/341068,(주)헤딩써치 채용 | Growth Marketing Manager 경력직 공고 - 리멤버,(주)헤딩써치에서 Growth Marketing Manager를 찾습니다. 당신의 커리어를 한 단계 높여줄 이직 기회를 리멤버에서 만나보세요.,,,,,,,,2026-09-16T21:10:50+0900,2026-09-16T21:10:50+0900,2026-09-16T21:10:50+0900,30
341070,active,헤딩써치,https://career.rememberapp.co.kr/job/posting/341070,(주)헤딩써치 채용 | Casino Ops & CRM Manager 경력직 공고 - 리멤버,(주)헤딩써치에서 Casino Ops & CRM Manager를 찾습니다. 당신의 커리어를 한 단계 높여줄 이직 기회를 리멤버에서 만나보세요.,,,,,,,,2026-09-16T21:10:50+0900,2026-09-16T21:10:50+0900,2026-09-16T21:10:50+0900,30
341469,active,헤딩써치,https://career.rememberapp.co.kr/job/posting/341469,(주)헤딩써치 채용 | 시니어 아트디렉터 경력직 공고 - 리멤버,(주)헤딩써치에서 시니어 아트디렉터를 찾습니다. 당신의 커리어를 한 단계 높여줄 이직 기회를 리멤버에서 만나보세요.,,,,,,,,2026-09-16T21:10:50+0900,2026-09-16T21:10:50+0900,2026-09-16T21:10:50+0900,30
341490,active,헤딩써치,https://career.rememberapp.co.kr/job/posting/341490,(주)헤딩써치 채용 | 사업개발 B2B 영업 경력직 공고 - 리멤버,(주)헤딩써치에서 사업개발 B2B 영업를 찾습니다. 당신의 커리어를 한 단계 높여줄 이직 기회를 리멤버에서 만나보세요.,,,,,,,,2026-09-16T21:10:50+0900,2026-09-16T21:10:50+0900,2026-09-16T21:10:50+0900,30
341492,active,헤딩써치,https://career.rememberapp.co.kr/job/posting/341492,(주)헤딩써치 채용 | 브랜드콘텐츠마케팅 경력직 공고 - 리멤버,(주)헤딩써치에서 브랜드콘텐츠마케팅를 찾습니다. 당신의 커리어를 한 단계 높여줄 이직 기회를 리멤버에서 만나보세요.,,,,,,,,2026-09-16T21:10:50+0900,2026-09-16T21:10:50+0900,2026-09-16T21:10:50+0900,30
341493,active,헤딩써치,https://career.rememberapp.co.kr/job/posting/341493,(주)헤딩써치 채용 | 경영지원(사업지원/총무) 경력직 공고 - 리멤버,(주)헤딩써치에서 경영지원(사업지원/총무)를 찾습니다. 당신의 커리어를 한 단계 높여줄 이직 기회를 리멤버에서 만나보세요.,,,,,,,,2026-09-16T21:10:50+0900,2026-09-16T21:10:50+0900,2026-09-16T21:10:50+0900,30
