게시일,순위,공고ID,포지션,직무,추천이유,게시글방향,경력,근무지,연봉,마감일,공고URL,참고점수,확인사항
2026-09-18,1,342056,[헤드헌팅] 플라스틱 접합 레이저 기업 대표이사 포지션,법인대표·CEO,업무·자격요건 확인 완료 · 최근 7일 내 게시,15~30년 독자 대상: ■ 경영 총괄: 영업·인사·회계·관리 전반의 의사결정 및 조직 운영 역할을 중심으로 소개,15~30년,경기도 군포시,협의,,https://career.rememberapp.co.kr/job/posting/342056,55,게시 전 원문 재확인 · 급여 수치 미공개
2026-09-16,2,327237,[에듀테크 플랫폼 기업] 사업기획 매니저(파트장),영업 전략·기획,업무·자격요건 확인 완료 · 최근 7일 내 게시 · 구체적인 담당 업무,"4~10년 독자 대상: KDT, 산업구조변화대응 등 특화훈련 등 정부지원 훈련사업 리딩 역할을 중심으로 소개",4~10년,서울특별시 강남구,협의,2026-09-30,https://career.rememberapp.co.kr/job/posting/327237,25,게시 전 원문 재확인 · 급여 수치 미공개
2026-09-16,3,336622,생산팀 담당자,생산관리,업무·자격요건 확인 완료 · 최근 7일 내 게시 · 구체적인 담당 업무,7~12년 독자 대상: 시즌별 생산 계획 수립 및 생산 일정 관리 지원 역할을 중심으로 소개,7~12년,서울특별시 중구,협의,,https://career.rememberapp.co.kr/job/posting/336622,25,게시 전 원문 재확인 · 급여 수치 미공개
2026-09-16,4,336761,아티스트IP 사업기획 / 운영,신사업 기획·개발,업무·자격요건 확인 완료 · 최근 7일 내 게시 · 구체적인 담당 업무,7~10년 독자 대상: 데뷔·컴백·투어 일정과 팬덤 특성을 반영한 연간·프로젝트별 IP 사업전략 및 우선순위 수립 역할을 중심으로 소개,7~10년,서울특별시 강남구,협의,2026-09-30,https://career.rememberapp.co.kr/job/posting/336761,25,게시 전 원문 재확인 · 급여 수치 미공개
2026-09-16,5,341490,사업개발 B2B 영업,사업개발(BD),업무·자격요건 확인 완료 · 최근 7일 내 게시 · 구체적인 담당 업무,1~10년 독자 대상: 기업 및 기관의 인바운드 교육 문의 대응 및 상담 역할을 중심으로 소개,1~10년,서울특별시 마포구,협의,2026-09-24,https://career.rememberapp.co.kr/job/posting/341490,25,게시 전 원문 재확인 · 급여 수치 미공개
2026-09-16,6,341492,브랜드콘텐츠마케팅,브랜드 마케팅,업무·자격요건 확인 완료 · 최근 7일 내 게시 · 구체적인 담당 업무,1~10년 독자 대상: B2B 고객 확보를 위한 브랜드 마케팅 전략 기획 및 실행 역할을 중심으로 소개,1~10년,서울특별시 마포구,협의,2026-09-24,https://career.rememberapp.co.kr/job/posting/341492,25,게시 전 원문 재확인 · 급여 수치 미공개
2026-09-16,7,341493,경영지원(사업지원/총무),총무,업무·자격요건 확인 완료 · 최근 7일 내 게시 · 구체적인 담당 업무,1~5년 독자 대상: 공공기관 및 기업 대상 입찰 사업 관리 및 투찰 업무 역할을 중심으로 소개,1~5년,서울특별시 마포구,협의,2026-09-24,https://career.rememberapp.co.kr/job/posting/341493,25,게시 전 원문 재확인 · 급여 수치 미공개
2026-09-16,8,327656,[유명 아티스트 보유 연예기획사] 공연 기획,전시·행사기획(MICE),업무·자격요건 확인 완료 · 최근 7일 내 게시,"3~8년 독자 대상: 다양한 공연 기획 및 제작 (콘서트, 팬미팅, 월드투어, 쇼케이스 등) 역할을 중심으로 소개",3~8년,서울특별시 용산구,협의,2026-09-24,https://career.rememberapp.co.kr/job/posting/327656,15,게시 전 원문 재확인 · 급여 수치 미공개
2026-09-16,9,341469,시니어 아트디렉터,아트디렉터(AD),업무·자격요건 확인 완료 · 최근 7일 내 게시,7~11년 독자 대상: 광고 캠페인 및 프로젝트 비주얼 컨셉 개발 및 실행 역할을 중심으로 소개,7~11년,서울특별시 강남구,협의,2026-09-30,https://career.rememberapp.co.kr/job/posting/341469,15,게시 전 원문 재확인 · 급여 수치 미공개
2026-09-15,10,341060,Senior FullStackEngineer,백엔드,업무·자격요건 확인 완료 · 최근 7일 내 게시 · 구체적인 담당 업무,경력 조건 확인 독자 대상: 플레이어 계정 · 권한 · 백오피스 워크플로 · 승인 절차 · 감사 이력 개발 역할을 중심으로 소개,,서울특별시 전체 / 해외 전체,협의,,https://career.rememberapp.co.kr/job/posting/341060,60,게시 전 원문 재확인 · 급여 수치 미공개
2026-09-15,11,341064,Senior Product (iGaming),서비스기획·PM/PO(프로덕트),업무·자격요건 확인 완료 · 최근 7일 내 게시 · 구체적인 담당 업무,경력 조건 확인 독자 대상: React·Next.js·TypeScript 기반 플레이어 화면 개발 역할을 중심으로 소개,,서울특별시 전체 / 해외 전체,협의,,https://career.rememberapp.co.kr/job/posting/341064,60,게시 전 원문 재확인 · 급여 수치 미공개
2026-09-15,12,341068,Growth Marketing Manager,마케팅 전략·기획,업무·자격요건 확인 완료 · 최근 7일 내 게시 · 구체적인 담당 업무,"경력 조건 확인 독자 대상: 어필리에이트, 인플루언서, 유료 미디어, 파트너십을 활용한 획득 계획 수립 및 직접 실행 역할을 중심으로 소개",,서울특별시 전체 / 해외 전체,협의,,https://career.rememberapp.co.kr/job/posting/341068,60,게시 전 원문 재확인 · 급여 수치 미공개
2026-09-15,13,341062,전략기획,전략기획(Corporate),업무·자격요건 확인 완료 · 최근 7일 내 게시,4~10년 독자 대상: 중장기 경영계획 수립 및 실행 관리 역할을 중심으로 소개,4~10년,경기도 부천시,협의,2026-09-24,https://career.rememberapp.co.kr/job/posting/341062,55,게시 전 원문 재확인 · 급여 수치 미공개
2026-09-15,14,341070,Casino Ops & CRM Manager,서비스기획·PM/PO(프로덕트),업무·자격요건 확인 완료 · 최근 7일 내 게시 · 구체적인 담당 업무,경력 조건 확인 독자 대상: 플레이어 세그먼트 및 라이프사이클 여정 설계와 실제 운영 역할을 중심으로 소개,,서울특별시 전체 / 해외 전체,협의,,https://career.rememberapp.co.kr/job/posting/341070,60,게시 전 원문 재확인 · 급여 수치 미공개
2026-09-14,15,340725,DATA&AI본부장,기술기획,업무·자격요건 확인 완료 · 최근 7일 내 게시 · 구체적인 담당 업무,10~18년 독자 대상: 1. 데이터 플랫폼 및 기술 기반 구축 역할을 중심으로 소개,10~18년,서울특별시 전체,협의,2026-09-25,https://career.rememberapp.co.kr/job/posting/340725,65,게시 전 원문 재확인 · 급여 수치 미공개
2026-09-14,16,340938,[에듀테크 온라인플랫폼 기업] 법무담당자,법무사,업무·자격요건 확인 완료 · 최근 7일 내 게시 · 구체적인 담당 업무,5~10년 독자 대상: 1. 계약 리스크 검토 및 대응 역할을 중심으로 소개,5~10년,서울특별시 강남구,협의,2026-09-28,https://career.rememberapp.co.kr/job/posting/340938,65,게시 전 원문 재확인 · 급여 수치 미공개
